"ID","date","open","high","low","close"
"1","1417406400000","20141.68148260867","20153.9890043478","20073.4515869565","20096.99003913043"
"2","1417410000000","20191.27865217393","20226.09389130438","20129.52627826087","20154.24732173911"
"3","1417413600000","20202.40404347828","20241.29682608696","20162.24893913042","20199.5146217391"
"4","1417417200000","20243.07002173911","20296.18178260868","20207.38189565214","20247.37269999999"
"5","1417420800000","20324.04756956519","20348.74626086959","20236.66716086954","20255.46533913045"
"6","1417424400000","20331.70583913043","20374.37775217391","20289.90612173912","20321.2915695652"
"7","1417428000000","20230.78969130436","20369.89717826089","20225.17330434785","20364.26420000002"
"8","1417431600000","20383.09694347827","20409.66284782611","20328.63598695655","20283.9362478261"
"9","1417435200000","20452.85162608696","20366.75059130438","20312.0004391304","20351.82440869568"
"10","1417438800000","20479.0472217391","20461.35766521736","20430.1800695652","20355.77705652172"
"11","1417492800000","20463.16266086958","20484.53364347824","20412.4241478261","20466.8574521739"
"12","1417496400000","20519.97750869564","20518.58821739127","20411.24316956523","20457.03148260869"
"13","1417500000000","20523.99951739131","20517.32313043479","20426.90697391305","20478.97002608692"
"14","1417503600000","20547.13424782608","20528.3759347826","20511.15738695653","20463.24746086959"
"15","1417507200000","20550.58823478262","20488.23465652172","20428.27690869563","20464.32704782607"
"16","1417510800000","20517.3399521739","20546.71693043476","20489.87673478262","20463.99038260871"
"17","1417514400000","20507.88129565215","20602.19410434784","20436.41747826089","20534.22068260869"
"18","1417518000000","20620.11570869567","20574.21494347828","20466.34266086959","20559.56482173915"
"19","1417521600000","20578.87756086959","20565.71120869567","20510.62346956525","20516.97425217394"
"20","1417525200000","20584.6488","20592.57114782606","20564.32998260871","20522.78950434785"
"21","1417579200000","20660.78191739132","20665.21801739129","20534.54144782612","20544.42525652176"
"22","1417582800000","20613.11302608699","20590.68135217392","20594.70036521741","20530.94021304346"
"23","1417586400000","20657.71506086959","20624.24187391305","20618.8243521739","20570.9895478261"
"24","1417590000000","20749.39261739131","20757.92054782607","20624.66426086953","20562.67569130438"
"25","1417593600000","20949.48052173911","20700.27475217387","20769.74991739129","20642.6577608696"
"26","1417597200000","20950.52416086957","20701.50780869566","20951.32814782608","20652.0346130435"
"27","1417600800000","20882.87772608698","20767.77347826089","20885.3549","20637.51860434786"
"28","1417604400000","20998.05456086958","20970.51990869565","20872.52659565216","20684.36392173916"
"29","1417608000000","21088.46864347824","20959.17168695655","21006.76407391304","20793.76744347829"
"30","1417611600000","21122.28517826087","20900.7207521739","21061.03031304347","20955.92993043481"
"31","1417665600000","21059.43547391305","21133.5020521739","21037.73796521736","20897.28427826086"
"32","1417669200000","21070.1979304348","21135.94420000002","21018.31000869563","20909.94713043478"
"33","1417672800000","21065.02351739128","21105.79042608697","21226.65139565215","21008.63543478257"
"34","1417676400000","21248.29429130436","21079.20378260871","21293.8918043478","21084.43903043479"
"35","1417680000000","21365.11965652171","21080.06099999999","21054.08454782606","21094.59751739133"
"36","1417683600000","21330.51480434781","21376.36510434783","21116.99001739127","21069.57460434785"
"37","1417687200000","21585.56301739132","21390.69584347828","20993.2115130435","21048.7204869565"
"38","1417690800000","21131.69521304346","21602.79976956522","20953.33131739129","21295.65624347827"
"39","1417694400000","20960.64093913045","21099.0149521739","20898.97083043475","21335.94154347826"
"40","1417698000000","20925.6194608696","21150.62589130436","20813.48436521735","21362.46550869568"
"41","1417924800000","20911.43274347824","21080.32761304346","20865.46607391301","21402.3127521739"
"42","1417928400000","20939.60109130431","21064.44236086958","20939.50453913045","21079.3146217391"
"43","1417932000000","20826.56868260871","20987.23357391307","20838.94095652174","21106.6229869565"
"44","1417935600000","20720.89152173916","20950.0669782609","20664.72511739131","21049.15070869563"
"45","1417939200000","20706.08263043476","20998.58778695654","20274.66931304349","21012.89986086959"
"46","1417942800000","20468.00225217389","20955.47850869566","20218.0556347826","20943.12305652173"
"47","1417946400000","20293.14419130437","20860.94194782607","20162.08786521741","20905.34327391304"
"48","1417950000000","20219.73250869564","20805.7790869565","20325.01216956524","20898.75929130435"
"49","1417953600000","20160.5718347826","20736.49656521737","20355.18161304345","20950.38175217393"
"50","1417957200000","20345.43053478258","20502.59143478259","20344.56041304348","20866.93163913042"
"51","1418011200000","20397.47584347826","20448.3127521739","20329.76327391303","20809.22477826086"
"52","1418014800000","20437.87083043481","20238.5348347826","20334.47105652172","20712.31059130432"
"53","1418018400000","20387.53488695655","20181.51466956521","20317.92238260869","20456.17219130433"
"54","1418022000000","20392.22861304352","20405.54036956522","20390.93379999999","20422.33376521742"
"55","1418025600000","20468.61175217391","20415.69171304348","20510.53498260871","20217.62679565217"
"56","1418029200000","20396.56470434784","20473.2992565217","20531.75088260867","20158.47533913046"
"57","1418032800000","20404.42253043481","20437.33207391306","20556.57032173914","20279.05656086954"
"58","1418036400000","20438.61029565222","20425.82853913042","20573.16946086953","20366.32290434781"
"59","1418040000000","20548.00160434784","20483.29551739128","20537.91893043476","20388.64535217389"
"60","1418043600000","20634.88012608693","20487.75857826087","20482.09909999999","20401.86885217389"
"61","1418097600000","20611.58593478259","20462.87507826085","20521.35205217391","20382.23258260866"
"62","1418101200000","20639.6360695652","20586.36461739127","20656.07505652172","20425.64465217391"
"63","1418104800000","20571.28266086954","20661.61908695655","20859.02887826087","20452.8030043478"
"64","1418108400000","20546.60148260869","20671.65544347827","20881.61379130437","20447.4117521739"
"65","1418112000000","20538.56115217392","20662.4636304348","20941.14177826084","20407.49192173911"
"66","1418115600000","20927.15945652176","20631.19409130436","20913.42554347829","20596.03942173914"
"67","1418119200000","20907.51443043477","20613.33355217387","21129.37611739128","20587.15800434785"
"68","1418122800000","21128.48226086957","20551.8139173913","21141.96246521737","20618.42869565219"
"69","1418126400000","21166.22033478262","20802.92031304349","21140.58630869564","20615.92041304345"
"70","1418130000000","21240.34429130432","20942.23265652176","21128.00802608693","20602.57708695652"
"71","1418184000000","21246.0489347826","21088.35043043476","20979.12595652176","20535.03342608692"
"72","1418187600000","21131.66295217389","21009.35047391307","20983.11409130435","20544.6603"
"73","1418191200000","21188.5160521739","21156.41786956518","20934.6223173913","20676.15122608697"
"74","1418194800000","21008.18193913041","21182.25352608697","20935.77103478261","20889.17343478263"
"75","1418198400000","21054.29585652173","21241.08767391303","21156.60843913041","20931.18584347828"
"76","1418202000000","20978.17933043478","21263.49676521743","21310.78060000002","21040.34349130435"
"77","1418205600000","20949.77985652175","21171.63463043475","21315.54276521736","20914.04080434786"
"78","1418209200000","21102.20670434785","21193.95431304345","21367.43137826086","21091.55670000002"
"79","1418212800000","21243.7236173913","21158.49247391306","21475.99657826085","21134.36779565215"
"80","1418216400000","21165.49031739128","21095.02704782608","21487.47153913042","21155.48345652172"
"81","1418270400000","21166.45537826086","21085.36699130432","21531.90950434781","21210.2796956522"
"82","1418274000000","21322.32031304344","21107.49011304346","21594.14855652173","21109.56702173915"
"83","1418277600000","21383.72357826083","20956.72400869567","21551.58287391303","21150.73834347827"
"84","1418281200000","21302.07569565218","21130.29439999998","21518.37330434784","21146.07111739134"
"85","1418284800000","21538.42827391302","21207.76657391303","21409.38594782608","21064.38521304349"
"86","1418288400000","21545.16526521739","21172.16762608694","21508.11227391304","21066.06946086954"
"87","1418292000000","21658.55876521734","21425.18248260869","21508.91510869563","21036.04634347825"
"88","1418295600000","21621.87101304345","21389.75198260868","21533.59075652176","20951.4896826087"
"89","1418299200000","21584.47628695651","21333.78421304348","21425.1626652174","20966.88664347824"
"90","1417384800000","301.0471802","304.6050415","304.2933044","301.370636"
"91","1417388400000","300.8877563","304.4101562","304.163208","301.2113342"
"92","1417392000000","300.8337402","304.4831848","303.8988037","301.1573792"
"93","1417395600000","300.7898254","304.3848572","303.948822","301.1119995"
"94","1417399200000","300.705719","304.2628479","303.8969116","301.0281067"
"95","1417402800000","300.6236267","304.1036377","303.85849","300.9446106"
"96","1417406400000","300.4672852","303.9984436","303.7090759","300.7854309"
"97","1417410000000","300.5003967","304.0718079","303.6480408","300.8189392"
"98","1417413600000","300.6328735","304.1020203","303.8546143","300.9533691"
"99","1417417200000","300.5879517","304.1288147","303.8174133","300.9058838"
"100","1417420800000","300.6424561","304.0364685","304.0200195","300.9639587"
"101","1417424400000","300.6315308","304.0879517","303.9524536","300.9536743"
"102","1417428000000","301.4759827","305.0404968","304.887085","301.8000793"
"103","1417431600000","301.805603","305.3025208","305.5463257","302.1300659"
"104","1417435200000","302.6325989","305.9315186","306.8655701","302.9759827"
"105","1417438800000","302.2209778","305.5834351","306.3783875","302.566864"
"106","1417442400000","303.0372009","306.5336914","306.9894104","303.3790588"
"107","1417446000000","303.1417236","306.6394043","306.9953613","303.493988"
"108","1417449600000","303.4208984","306.8783569","307.2965088","303.7707825"
"109","1417453200000","300.2484436","307.2210083","306.5672302","303.4180908"
"110","1417456800000","303.4905701","307.3577576","306.7911987","303.8343506"
"111","1417460400000","303.5255432","307.3045654","306.989502","303.8710327"
"112","1417464000000","303.2523193","307.2510986","306.1952515","302.5493469"
"113","1417467600000","303.5369873","307.1729736","307.3222351","303.8851318"
"114","1417471200000","303.854187","307.650177","307.3953552","304.2055359"
"115","1417474800000","304.5205994","308.4543457","307.9368591","303.7840271"
"116","1417478400000","304.5675659","308.308075","308.263916","304.9356384"
"117","1417482000000","301.2424316","308.4651184","307.8991699","304.6059265"
"118","1417485600000","304.6222839","308.2998047","308.4042664","304.9894714"
"119","1417489200000","304.504364","308.3577271","308.1639099","304.8648682"
"120","1417492800000","301.6258545","309.0752869","308.2250061","305.0611877"
"121","1417496400000","304.4229736","308.2322083","308.1468201","304.7877502"
"122","1417500000000","304.5355225","308.36026","308.3084106","304.8983765"
"123","1417503600000","305.1282654","308.7626038","309.10495","305.5027466"
"124","1417507200000","304.1522522","307.6958618","308.3881531","304.5267639"
"125","1417510800000","304.1803284","307.8132324","308.241272","304.5437927"
"126","1417514400000","304.6288147","308.4807129","308.3083191","304.9919739"
"127","1417518000000","304.7102051","308.5374146","308.3588257","305.0766907"
"128","1417521600000","304.8121643","308.6340637","308.5932007","305.1781616"
"129","1417525200000","304.9203186","308.7947693","308.540802","305.2894287"
"130","1417528800000","304.9237366","308.8570862","308.5074768","305.2891846"
"131","1417532400000","305.0221558","309.0089722","308.4926758","305.3885193"
"132","1417536000000","305.1102905","308.9886169","308.8488159","305.47995"
"133","1417539600000","305.2293396","309.0673828","308.9698792","305.6040344"
"134","1417543200000","304.9788818","308.7589111","308.7022705","305.3517151"
"135","1417546800000","304.5852966","308.3750916","308.2312317","304.951355"
"136","1417550400000","304.5323792","308.3253784","308.2878723","304.8951111"
"137","1417554000000","304.6951294","308.5973206","308.2528076","305.0587158"
"138","1417557600000","304.9048157","308.7091675","308.7677307","305.2728577"
"139","1417561200000","305.0878906","309.0111694","308.7555847","305.458313"
"140","1417564800000","305.6282043","309.3374023","309.6843262","306.0079346"
"141","1417568400000","306.0233154","309.8564148","310.0413513","306.4076233"
"142","1417572000000","306.1381531","310.0786743","309.9776001","306.5255127"
"143","1417575600000","306.0640259","310.0314026","309.8633423","306.4494324"
"144","1417579200000","306.026001","309.9375","309.7910156","306.4122925"
"145","1417582800000","306.303772","309.2335815","312.015686","306.7176208"
"146","1417586400000","306.1871643","309.9309082","310.553009","306.584259"
"147","1417590000000","306.6230164","310.5222473","310.960083","307.0198059"
"148","1417593600000","307.1455688","311.1356201","311.4696045","307.5508118"
"149","1417597200000","308.58255","312.1436768","313.3964539","309.0116272"
"150","1417600800000","307.4959412","311.1315613","311.1872253","306.6500549"
"151","1417604400000","306.6801147","310.6639404","310.1551208","305.867157"
"152","1417608000000","307.2480164","311.3468323","311.0922546","307.6481018"
"153","1417611600000","307.4552917","311.6564636","311.172821","307.8562012"
"154","1417615200000","307.5436096","311.5209656","310.6694031","306.7108459"
"155","1417618800000","304.071228","312.1129456","311.5186157","308.1000671"
"156","1417622400000","308.1493225","312.0842285","312.6226501","308.5675659"
"157","1417626000000","307.9718323","311.8864136","312.2550049","308.3961792"
"158","1417629600000","307.4601135","311.5083923","311.392395","307.8681641"
"159","1417633200000","307.4679565","311.5567932","311.397583","307.8710022"
"160","1417636800000","307.7177429","311.8738098","311.5647888","308.1234741"
"161","1417640400000","307.5300293","311.5300293","311.5606995","307.9405518"
"162","1417644000000","307.4734192","311.5939636","311.357666","307.8765564"
"163","1417647600000","307.6751404","311.7683105","311.7353821","308.082489"
"164","1417651200000","307.5931091","311.5147705","311.731842","308.0086975"
"165","1417654800000","307.4640198","311.487915","311.5663757","307.8691711"
"166","1417658400000","307.4801636","311.5218811","311.4420471","307.8889771"
"167","1417662000000","307.3796387","311.485199","311.2870483","307.7822266"
"168","1417665600000","307.4406128","311.4473572","310.5569458","306.6116943"
"169","1417669200000","307.5767517","311.4110413","312.0437317","307.9880676"
"170","1417672800000","307.5489197","311.5770874","311.8170471","307.9614563"
"171","1417676400000","307.9951477","312.0582886","312.1567993","308.4088135"
"172","1417680000000","307.8295898","311.8360901","311.9921875","308.2471313"
"173","1417683600000","307.7706604","311.7229919","311.8960571","308.1842346"
"174","1417687200000","307.5177917","311.6427612","311.4998169","307.9239197"
"175","1417690800000","307.9520569","312.0236206","311.9185486","308.3632812"
"176","1417694400000","307.9162292","312.1097717","311.7820129","308.3245544"
"177","1417698000000","308.0153503","312.2775574","311.753418","308.4242859"
"178","1417701600000","307.9977722","312.0456543","312.0133972","308.4124146"
"179","1417705200000","307.945282","311.975769","311.973053","308.3615112"
"180","1417708800000","307.8475647","311.9900208","311.8034973","308.2557678"
"181","1417712400000","307.7315674","311.7138062","310.8518677","306.8907471"
"182","1417716000000","307.3824158","311.491394","311.2176819","307.7865601"
"183","1417892400000","307.4207764","311.5409241","311.2418823","307.8226929"
"184","1417896000000","307.1948242","311.1851807","311.2127991","307.6004028"
"185","1417899600000","307.0370483","311.0774841","310.9354858","307.4372559"
"186","1417903200000","307.1368713","311.2312012","310.9860229","307.5349731"
"187","1417906800000","307.2862854","311.4006958","311.1299438","307.6870422"
"188","1417910400000","307.3460999","311.4134216","311.2076111","307.7493591"
"189","1417914000000","307.1989746","311.3022766","311.0158691","307.5994263"
"190","1417917600000","306.7702942","310.6662903","310.8248901","307.1734619"
"191","1417921200000","306.4001465","309.6610107","311.4833069","306.813446"
"192","1417924800000","305.3156738","308.8050842","309.7824097","305.712616"
"193","1417928400000","305.1491699","308.9296265","309.1659546","305.5257568"
"194","1417932000000","305.532959","309.7055359","308.5894775","304.7693787"
"195","1417935600000","304.9968872","308.4667358","309.2084045","305.3864441"
"196","1417939200000","304.327179","308.0785217","307.9563293","304.688324"
"197","1417942800000","304.2034302","307.9611816","308.0979614","304.5630493"
"198","1417946400000","304.7070312","308.5805359","308.3326721","305.0708618"
"199","1417950000000","304.832489","308.820282","308.2571411","305.1954651"
"200","1417953600000","304.8496704","308.9642029","307.9200745","304.1051941"
"201","1417957200000","304.6908264","308.5212402","308.3487854","305.0580139"
"202","1417960800000","304.8271484","308.6542358","308.5385132","305.192627"
"203","1417964400000","304.8282166","308.7304688","308.4198914","305.1947937"
"204","1417968000000","304.9509583","308.7915344","308.6976929","305.3191528"
"205","1417971600000","304.9023743","308.776825","308.5749817","305.2720337"
"206","1417975200000","304.8266907","308.7405701","308.4428711","305.1928406"
"207","1417978800000","304.984436","308.9087524","308.5689697","305.3513489"
"208","1417982400000","305.0101013","308.8707275","308.6680298","305.3799744"
"209","1417986000000","304.9876099","308.8902588","308.5907898","305.3551636"
"210","1417989600000","301.8537903","309.3396301","308.5481262","305.3334351"
"211","1417993200000","304.879425","308.7394714","308.4984436","305.2456055"
"212","1417996800000","305.1186829","308.9502563","309.0015869","305.4883423"
"213","1418000400000","305.4036865","309.3661499","309.089386","305.7780151"
"214","1418004000000","305.5683594","309.4200439","309.364502","305.9473572"
"215","1418007600000","305.819397","309.4330444","310.0689087","306.2063904"
"216","1418011200000","306.4856567","310.3388977","310.5342712","306.8773499"
"217","1418014800000","306.6042786","310.5834961","310.5862122","306.9980469"
"218","1418018400000","307.1642151","310.9888","311.2717896","307.5672302"
"219","1418022000000","307.0506287","311.1113281","310.8474731","307.4479065"
"220","1418025600000","306.8052368","310.7821045","310.6967468","307.2037354"
"221","1418029200000","306.9338074","311.0957031","310.5852661","307.327179"
"222","1418032800000","306.9550781","311.0521545","310.7075195","307.350708"
"223","1418036400000","307.0584717","311.2331848","309.9395752","306.2514038"
"224","1418040000000","307.0340881","311.1322632","310.8755798","307.4315491"
"225","1418043600000","306.9962463","311.0161438","310.9110413","307.3969727"
"226","1418047200000","306.8631592","310.8716736","310.6858215","307.2607727"
"227","1418050800000","306.5802917","310.6566467","310.2840271","306.9708252"
"228","1418054400000","306.3722229","310.4782104","309.3781738","305.5890808"
"229","1418058000000","306.179718","310.158905","309.9385071","306.5655518"
"230","1418061600000","306.1154785","310.3613586","308.9363708","305.3374634"
"231","1418065200000","306.2280884","310.2615356","309.9327698","306.612915"
"232","1418068800000","306.3161621","310.4416199","309.3659058","305.5334778"
"233","1418072400000","306.2785645","310.315094","310.0511475","306.6655579"
"234","1418076000000","306.1959534","310.1446533","310.0296631","306.5855408"
"235","1418079600000","305.6580811","309.2794495","309.8648682","306.0508118"
"236","1418083200000","305.3459473","309.0162354","309.4530334","305.7275696"
"237","1418086800000","305.0954285","308.9159546","309.0167847","305.4711304"
"238","1418090400000","304.6351929","308.2643738","308.7512207","305.0123291"
"239","1418094000000","304.8236694","308.6489258","308.505249","305.1893921"
"240","1418097600000","305.1946106","308.8586731","309.130188","305.5690002"
"241","1418101200000","305.1991882","309.1220398","308.8158875","305.5688477"
"242","1418104800000","305.2957458","309.2373047","308.9815674","305.6671753"
"243","1418108400000","305.3947144","309.320282","309.0265198","305.7696838"
"244","1418112000000","305.3093872","309.3362427","308.7832031","305.6793213"
"245","1418115600000","305.2935486","309.2644348","308.8294983","305.6648254"
"246","1418119200000","305.2331238","309.2005615","308.7896423","305.6033936"
"247","1418122800000","305.2686157","309.2092896","308.9309082","305.6402893"
"248","1418126400000","305.5629578","309.4033203","309.3027954","305.9403687"
"249","1418130000000","305.3385925","309.3137817","308.9119263","305.710907"
"250","1418133600000","302.2694397","309.8831482","309.0429688","305.8325195"
"251","1418137200000","305.644989","309.6265564","309.2576904","306.0217285"
"252","1418140800000","305.8395386","309.7427368","309.8059998","306.2200928"
"253","1418144400000","306.1561279","310.1461182","309.931488","306.5424805"
"254","1418148000000","306.1092224","310.0351868","309.8873596","306.4963684"
"255","1418151600000","305.9836731","309.9486694","309.8372803","306.3669434"
"256","1418155200000","306.3320923","310.2756958","310.3013","306.7208862"
"257","1418158800000","306.4084778","310.3365479","310.269989","306.8016968"
"258","1418162400000","306.0398865","309.9946289","309.8030396","306.4264526"
"259","1418166000000","305.2896118","308.9604797","309.4863892","305.6773071"
"260","1418169600000","304.9840393","308.7360535","308.9353027","305.3595581"
"261","1418173200000","305.1550598","308.9205933","309.0577087","305.5348511"
"262","1418176800000","305.0945129","308.8060303","308.9304504","305.4687805"
"263","1418180400000","304.7226562","308.4535828","308.5307007","305.0931396"
"264","1418184000000","304.8074951","308.64505","308.5082092","305.1723328"
"265","1418187600000","304.7503357","308.5839844","308.3846741","305.1184692"
"266","1418191200000","304.6159973","308.4333801","308.2161865","304.9806213"
"267","1418194800000","304.2233276","308.3733215","307.1690063","303.4941711"
"268","1418198400000","304.4224548","308.2748413","308.0392761","304.7817688"
"269","1418202000000","304.5406799","308.4093323","308.1213684","304.9026489"
"270","1418205600000","301.1392212","308.2382507","307.8850708","304.4886475"
"271","1418209200000","303.3363953","307.1016541","306.7618713","303.6815796"
"272","1418212800000","303.3531799","307.1143799","306.7927551","303.6969299"
"273","1418216400000","303.3559265","307.1163635","306.7915955","303.7005005"
"274","1418220000000","303.4434204","307.2055664","306.9042053","303.7882385"
"275","1418223600000","303.6619873","307.3999023","307.353302","304.0105896"
"276","1418227200000","303.9984741","308.1368103","306.9238281","303.2749939"
"277","1418230800000","304.321106","308.1539612","307.8796387","304.6784668"
"278","1418234400000","304.5628662","308.3966064","308.2601624","304.9238281"
"279","1418238000000","304.9965515","308.8994446","308.6638184","305.3630066"
"280","1418241600000","305.1290894","308.8657837","308.9492493","305.5045166"
"281","1418245200000","301.6976013","309.0133057","308.540863","305.1566772"
"282","1418248800000","304.9009094","308.6862793","308.6379089","305.2698975"
"283","1418252400000","304.6912842","308.4945068","308.5844727","305.0591431"
"284","1418256000000","304.9725647","308.8547668","308.6422729","305.3415833"
"285","1418259600000","305.0227661","308.9427795","308.5718079","305.3907776"
"286","1418263200000","305.0576782","308.9910889","308.6207581","305.425354"
"287","1418266800000","305.0266418","308.9987488","308.5450134","305.3939209"
"288","1418270400000","305.0864868","309.0939331","308.5386047","305.453186"
"289","1418274000000","305.1941528","309.0968018","308.8356323","305.5643616"
"290","1418277600000","305.2053528","309.1712341","308.8007812","305.5751648"
"291","1417384800000","14.24849892","14.26229477","14.21472549","13.89982319"
"292","1417388400000","14.24731541","14.26625633","14.21291256","13.89916039"
"293","1417392000000","14.2476759","14.26391315","14.2130661","13.89822769"
"294","1417395600000","14.26226521","14.27215099","14.23139763","13.9148016"
"295","1417399200000","14.24732494","14.26843548","14.21243668","13.89849091"
"296","1417402800000","14.23656845","14.26386833","14.21187687","13.8904829"
"297","1417406400000","14.23660088","14.26247215","14.2109127","13.88972187"
"298","1417410000000","14.24772835","14.27065182","14.21256733","13.89857674"
"299","1417413600000","14.29252529","14.26658535","14.25579166","13.94284916"
"300","1417417200000","14.25070095","14.27432823","14.21630192","13.90162468"
"301","1417420800000","14.25425816","14.27721214","14.21705627","13.90462494"
"302","1417424400000","14.25437355","14.2751236","14.21908665","13.90443707"
"303","1417428000000","14.2464819","14.2737484","14.22220707","13.89974117"
"304","1417431600000","14.25956345","14.28076553","14.22322655","13.90924644"
"305","1417435200000","14.26268482","14.2855587","14.22775173","13.91271782"
"306","1417438800000","14.26784992","14.29061699","14.23048782","13.91731167"
"307","1417442400000","14.26270294","14.28867531","14.23144817","13.91439152"
"308","1417446000000","14.26657581","14.28987312","14.23062229","13.91668606"
"309","1417449600000","14.26852798","14.29211235","14.23205471","13.91843414"
"310","1417453200000","14.29842567","14.31201649","14.21793461","13.92172432"
"311","1417456800000","14.26238918","14.28921318","14.23517799","13.91671085"
"312","1417460400000","14.26680183","14.277174","14.23165989","13.91389942"
"313","1417464000000","14.2835722","14.30502129","14.24671268","13.93191624"
"314","1417467600000","14.28363514","14.30865002","14.24962044","13.93327332"
"315","1417471200000","14.28493881","14.30776882","14.2489624","13.93392754"
"316","1417474800000","14.286479","14.30751991","14.24922657","13.93456173"
"317","1417478400000","14.29224491","14.31123638","14.25574303","13.93973923"
"318","1417482000000","14.29700756","14.31923389","14.26076984","13.94511795"
"319","1417485600000","14.30110836","14.32158279","14.26435089","13.94882202"
"320","1417489200000","14.29923058","14.3226738","14.26563644","13.94767761"
"321","1417492800000","14.30101109","14.32612705","14.26751709","13.94989872"
"322","1417496400000","14.30111217","14.32492065","14.26774979","13.94949245"
"323","1417500000000","14.3059597","14.32992554","14.2698946","13.95401001"
"324","1417503600000","14.303442","14.32800388","14.2698307","13.95201874"
"325","1417507200000","14.30006886","14.32579708","14.26903439","13.94937229"
"326","1417510800000","14.30024624","14.32557869","14.26818562","13.94931602"
"327","1417514400000","14.32855606","14.34177685","14.24797344","13.95131493"
"328","1417518000000","14.30026817","14.3265686","14.2682848","13.95064926"
"329","1417521600000","14.29351711","14.3181448","14.26216412","13.94308567"
"330","1417525200000","14.296772","14.32094097","14.26092529","13.94535255"
"331","1417528800000","14.30075455","14.31934166","14.26534939","13.94956017"
"332","1417532400000","14.29098225","14.31550217","14.26106739","13.94139576"
"333","1417536000000","14.29622746","14.31498718","14.26856709","13.94502163"
"334","1417539600000","14.3331213","14.33801651","14.29095936","13.97522163"
"335","1417543200000","14.34559059","14.36750031","14.31100655","13.99179649"
"336","1417546800000","14.36690521","14.38625145","14.2929163","13.99185944"
"337","1417550400000","14.36814117","14.38725281","14.29338741","13.9928236"
"338","1417554000000","14.34976673","14.3740654","14.31510067","13.99554634"
"339","1417557600000","14.3720026","14.39298248","14.29883766","13.99717999"
"340","1417561200000","14.34956837","14.37567997","14.31690979","13.99645805"
"341","1417564800000","14.3508873","14.37303925","14.31459904","13.99600983"
"342","1417568400000","14.35111046","14.37672043","14.31803036","13.99737263"
"343","1417572000000","14.34238052","14.37068748","14.31794167","13.99080086"
"344","1417575600000","14.34215832","14.37042046","14.31720161","13.9905138"
"345","1417579200000","14.35385895","14.37039757","14.32651043","14.00115013"
"346","1417582800000","14.34678173","14.3735714","14.32066059","13.99432945"
"347","1417586400000","14.33219719","14.36511898","14.32234001","13.98383427"
"348","1417590000000","14.37612247","14.39685249","14.30378342","14.0016346"
"349","1417593600000","14.36047649","14.38451576","14.32468414","14.00554657"
"350","1417597200000","14.3486166","14.37896919","14.32467842","13.9988184"
"351","1417600800000","14.3375597","14.36586475","14.31035519","13.98666668"
"352","1417604400000","14.33303833","14.36180878","14.30669689","13.98375225"
"353","1417608000000","14.3341589","14.35321045","14.30183697","13.98011875"
"354","1417611600000","14.33504677","14.35814667","14.30553722","13.98364735"
"355","1417615200000","14.36263466","14.37888432","14.33133698","14.0066433"
"356","1417618800000","14.36992836","14.39632511","14.34093094","14.01619148"
"357","1417622400000","14.37246704","14.39795589","14.34224415","14.01881409"
"358","1417626000000","14.37557507","14.39942265","14.3421793","14.02126789"
"359","1417629600000","14.37362194","14.39931774","14.3401022","14.01906872"
"360","1417633200000","14.37287903","14.39867687","14.33960915","14.01807594"
"361","1417636800000","14.37296677","14.3984499","14.33899593","14.01814365"
"362","1417640400000","14.36532974","14.39290237","14.33868122","14.01203251"
"363","1417644000000","14.3754673","14.39827728","14.34044552","14.02017784"
"364","1417647600000","14.37369728","14.39831448","14.33858395","14.01829147"
"365","1417651200000","14.37705898","14.39778519","14.34425259","14.02232075"
"366","1417654800000","14.37026596","14.3969202","14.33926964","14.0160408"
"367","1417658400000","14.37377071","14.39884758","14.33906269","14.01859665"
"368","1417662000000","14.37294769","14.39871502","14.33917713","14.01809883"
"369","1417665600000","14.37082767","14.39675617","14.33892059","14.01630402"
"370","1417669200000","14.37519836","14.39848614","14.34067535","14.01943207"
"371","1417672800000","14.40401077","14.40300941","14.36442852","14.04752445"
"372","1417676400000","14.37706375","14.40215492","14.34236908","14.02173424"
"373","1417680000000","14.37926292","14.40297699","14.34394646","14.02328968"
"374","1417683600000","14.37747574","14.40412235","14.34563923","14.02323914"
"375","1417687200000","14.37533474","14.40101719","14.34213257","14.02039623"
"376","1417690800000","14.39389896","14.41643333","14.32339382","14.02003002"
"377","1417694400000","14.37897396","14.40205765","14.34561157","14.02324963"
"378","1417698000000","14.38772202","14.40667439","14.35395622","14.03150177"
"379","1417701600000","14.39073086","14.41697979","14.36021519","14.03565884"
"380","1417705200000","14.40908527","14.43268776","14.33953476","14.03549957"
"381","1417708800000","14.38958073","14.41600513","14.35756779","14.03432751"
"382","1417712400000","14.38981438","14.41529369","14.35655785","14.03399754"
"383","1417716000000","14.39060116","14.41687489","14.35763073","14.03493881"
"384","1417892400000","14.40952969","14.43220711","14.33889008","14.03559017"
"385","1417896000000","14.38408661","14.41254139","14.35851288","14.03013039"
"386","1417899600000","14.39055634","14.41671848","14.35765743","14.03486061"
"387","1417903200000","14.3882246","14.41512012","14.35796452","14.03332329"
"388","1417906800000","14.39457417","14.42077827","14.33854771","14.02595615"
"389","1417910400000","14.38999557","14.41639709","14.35845566","14.03461647"
"390","1417914000000","14.37834358","14.40831661","14.35864067","14.02569675"
"391","1417917600000","14.39312077","14.41860962","14.3590374","14.03714943"
"392","1417921200000","14.39022732","14.41665745","14.35890388","14.03481007"
"393","1417924800000","14.39180374","14.41732121","14.36059761","14.036026"
"394","1417928400000","14.39597416","14.42233181","14.36261654","14.04014492"
"395","1417932000000","14.39542675","14.41916561","14.36384964","14.03904152"
"396","1417935600000","14.39702225","14.42471123","14.36733913","14.04187489"
"397","1417939200000","14.39593506","14.42251873","14.36513138","14.04037571"
"398","1417942800000","14.47224998","14.42105961","14.42738724","14.11337757"
"399","1417946400000","14.39431763","14.42317581","14.3671627","14.04045773"
"400","1417950000000","14.39429092","14.41378593","14.35916328","14.03692532"
"401","1417953600000","14.3931675","14.417696","14.36517811","14.03841114"
"402","1417957200000","14.42284775","14.40753937","14.39437771","14.06530666"
"403","1417960800000","14.41268158","14.43490028","14.38533211","14.05594921"
"404","1417964400000","14.4450388","14.44774723","14.41166878","14.08006954"
"405","1417968000000","14.4327774","14.47857189","14.43879604","14.09081459"
"406","1417971600000","14.43701553","14.43914509","14.40158367","14.07602215"
"407","1417975200000","14.46574497","14.45448112","14.43945122","14.11280346"
"408","1417978800000","14.42801189","14.43483829","14.39441109","14.07084274"
"409","1417982400000","14.41233063","14.43773365","14.37915993","14.05548191"
"410","1417986000000","14.41160202","14.43774891","14.38047409","14.05539322"
"411","1417989600000","14.413311","14.43902397","14.37955952","14.05625725"
"412","1417993200000","14.41326809","14.43968201","14.38072968","14.05665779"
"413","1417996800000","14.41155338","14.4380312","14.38050556","14.05511761"
"414","1418000400000","14.41311836","14.43976021","14.38071442","14.05649853"
"415","1418004000000","14.41130543","14.43800735","14.38040924","14.05481148"
"416","1418007600000","14.40711117","14.43479538","14.38183212","14.05178738"
"417","1418011200000","14.41280174","14.43959427","14.38240051","14.05654907"
"418","1418014800000","14.41469193","14.44126987","14.3820076","14.0579586"
"419","1418018400000","14.4152832","14.44120312","14.38156891","14.05821705"
"420","1418022000000","14.41136551","14.439291","14.38125706","14.05570793"
"421","1418025600000","14.41089344","14.43652344","14.37848568","14.05494881"
"422","1418029200000","14.40817451","14.43493938","14.3774147","14.05221939"
"423","1418032800000","14.39901161","14.42898846","14.37453842","14.04698563"
"424","1418036400000","14.41526794","14.43468285","14.3567667","14.04642963"
"425","1418040000000","14.41977692","14.44205666","14.38816833","14.06184292"
"426","1418043600000","14.4291687","14.44731617","14.40243816","14.07295799"
"427","1418047200000","14.42683029","14.45370674","14.39488983","14.06969738"
"428","1418050800000","14.4274931","14.45365047","14.39504719","14.0702095"
"429","1418054400000","14.42643452","14.45316505","14.39407158","14.06935978"
"430","1418058000000","14.42715454","14.4539299","14.39481831","14.06999302"
"431","1418061600000","14.42593956","14.45277691","14.39433765","14.06887627"
"432","1418065200000","14.42412472","14.45086288","14.39326763","14.06720257"
"433","1418068800000","14.42240238","14.45017624","14.37311172","14.05640221"
"434","1418072400000","14.42822456","14.45475864","14.395154","14.07069397"
"435","1418076000000","14.42448235","14.45183372","14.39467335","14.0676403"
"436","1418079600000","14.4047699","14.43905354","14.39527893","14.05296898"
"437","1418083200000","14.44112396","14.46546173","14.37370872","14.06842518"
"438","1418086800000","14.42633152","14.45262337","14.39397144","14.06894016"
"439","1418090400000","14.42732525","14.453722","14.39441681","14.06975365"
"440","1418094000000","14.42535496","14.45092297","14.39175892","14.06770134"
"441","1418097600000","14.42541218","14.45226574","14.39314747","14.06820011"
"442","1418101200000","14.44206238","14.46463966","14.37424946","14.06939316"
"443","1418104800000","14.42662907","14.45335007","14.39577007","14.06968212"
"444","1418108400000","14.4269352","14.45040512","14.40106201","14.07093048"
"445","1418112000000","14.43442726","14.44421101","14.41293812","14.07443523"
"446","1418115600000","14.45645046","14.47536755","14.42240143","14.09582233"
"447","1418119200000","14.4614172","14.48762035","14.42985725","14.10243607"
"448","1418122800000","14.47426605","14.49731064","14.40718079","14.10235786"
"449","1418126400000","14.5756712","14.49440289","14.51390839","14.17843819"
"450","1418130000000","14.56772709","14.50347614","14.46458817","14.19623375"
"451","1418133600000","14.50538158","14.48791313","14.4676609","14.14440632"
"452","1418137200000","14.46758461","14.49398804","14.43940258","14.10906029"
"453","1418140800000","14.51709557","14.49156666","14.48137665","14.15745544"
"454","1418144400000","14.46003342","14.48781586","14.43337822","14.10217857"
"455","1418148000000","14.46839905","14.49205494","14.43630695","14.10922241"
"456","1418151600000","14.46346855","14.49093246","14.43361378","14.1046524"
"457","1418155200000","14.46597195","14.49314213","14.43401051","14.10673046"
"458","1418158800000","14.46581364","14.49264908","14.43541145","14.10668945"
"459","1418162400000","14.46307945","14.49191952","14.4360075","14.10489178"
"460","1418166000000","14.46340275","14.49170303","14.43670177","14.10527897"
"461","1418169600000","14.46656227","14.49412918","14.43629646","14.10780907"
"462","1418173200000","14.46632576","14.49320221","14.43503094","14.10717678"
"463","1418176800000","14.46051216","14.49060154","14.4335928","14.10409641"
"464","1418180400000","14.4511528","14.48411083","14.43065262","14.09730244"
"465","1418184000000","14.44559765","14.47414875","14.42136002","14.08937931"
"466","1418187600000","14.41961861","14.45582008","14.4117918","14.07240772"
"467","1418191200000","14.43394089","14.43602753","14.40545464","14.07621288"
"468","1418194800000","14.46423912","14.47065735","14.42938709","14.10011578"
"469","1418198400000","14.49091244","14.49990463","14.45800018","14.12596798"
"470","1418202000000","14.50390339","14.53306198","14.47742558","14.14398861"
"471","1418205600000","14.50439358","14.53147602","14.47612476","14.14398956"
"472","1418209200000","14.5063076","14.53512192","14.47685051","14.145895"
"473","1418212800000","14.51466751","14.53801537","14.44892406","14.14462662"
"474","1418216400000","14.52555561","14.53086567","14.48993969","14.16329765"
"475","1418220000000","14.4998827","14.52932835","14.47331429","14.13994217"
"476","1418223600000","14.50464249","14.5324564","14.47337914","14.14359188"
"477","1418227200000","14.49935436","14.52832413","14.47346306","14.13934994"
"478","1418230800000","14.50428581","14.53183079","14.47315693","14.14314175"
"479","1418234400000","14.49311638","14.52477455","14.4737606","14.13480568"
"480","1418238000000","14.50064564","14.53001118","14.47380829","14.14061737"
"481","1418241600000","14.49513149","14.52631855","14.47406101","14.13634396"
"482","1418245200000","14.50150108","14.53088665","14.47463989","14.14152336"
"483","1418248800000","14.50416279","14.532444","14.47369671","14.14332581"
"484","1418252400000","14.50497723","14.53096294","14.47297573","14.1435709"
"485","1418256000000","14.51521301","14.53771877","14.44732285","14.14430809"
"486","1418259600000","14.50513172","14.53310871","14.47405815","14.1441803"
"487","1418263200000","14.50555038","14.53276825","14.47355652","14.1442461"
"488","1418266800000","14.51105785","14.52953339","14.48361969","14.15215874"
"489","1418270400000","14.52097225","14.52941799","14.45383263","14.15236664"
"490","1418274000000","14.51543713","14.54170704","14.49026394","14.15462494"
"491","1418277600000","14.52122593","14.54931164","14.49133301","14.15940666"
"492","1417384800000","23910.09375","23614.57617","23834.22266","23250.6875"
"493","1417388400000","23801.12109","23505.20898","23719.65039","23143.67969"
"494","1417392000000","23786.83984","23472.57422","23699.04492","23099.62305"
"495","1417395600000","24014.53516","23653.86719","23958.49414","23293.25195"
"496","1417399200000","24912.99609","24638.81836","24907.89844","24248.10938"
"497","1417402800000","24861.16602","24513.99805","24831.31641","24126.23242"
"498","1417406400000","25248.25586","24861.04688","25096.67188","24475.15039"
"499","1417410000000","25080.35938","24785.78516","25072.09961","24411.40039"
"500","1417413600000","25039.73633","24682.67773","24928.86133","24278.6875"
"501","1417417200000","25167.75781","24839.91602","25146.71484","24433.14062"
"502","1417420800000","24709.91992","24596.63281","25146.54492","24255.625"
"503","1417424400000","24484.43555","24291.35938","24772.11133","24116.61523"
"504","1417428000000","25024.75391","24659.18555","24892.03906","24296.70898"
"505","1417431600000","24787.23633","24491.12891","24853.80273","24107.07227"
"506","1417435200000","25117.30078","24783.51562","25083.05859","24378.94531"
"507","1417438800000","25268.02734","24974.14453","25280.81641","24555.55078"
"508","1417442400000","25279.87891","25004.3125","25317.17969","24593.79688"
"509","1417446000000","25262.27344","24964.30078","25223.65234","24555.61328"
"510","1417449600000","25289.57227","24919.10742","25146.01562","24517.90234"
"511","1417453200000","25128.4707","24860.12109","25142.61328","24455.08789"
"512","1417456800000","24967.31055","24680.91406","24930.71094","24280.53516"
"513","1417460400000","24884.14258","24568.41992","24818.94141","24163.78906"
"514","1417464000000","24877.74023","24587.27148","24868.16406","24178.24414"
"515","1417467600000","24848.13867","24589.66797","24925.95508","24184.51758"
"516","1417471200000","24954.23047","24679.94727","24955.66406","24274.2207"
"517","1417474800000","24931.8457","24614.01562","24840.11328","24215.96484"
"518","1417478400000","24857.20312","24538.72656","24773","24137.4375"
"519","1417482000000","24868.81836","24543.85742","24766.41016","24141.4082"
"520","1417485600000","24872.59766","24542.0625","24768.63477","24141.39453"
"521","1417489200000","24922.875","24580.34766","24838.25391","24177.71289"
"522","1417492800000","25139.54688","24777.1582","25005.61719","24376.21484"
"523","1417496400000","25184.25781","24858.4707","25089.98047","24441.90039"
"524","1417500000000","25222.34766","24894.89062","25129.21094","24473.82227"
"525","1417503600000","25202.23438","24892.03711","25171.47461","24486.49219"
"526","1417507200000","25223.36328","24908.52539","25152.49023","24498.10938"
"527","1417510800000","25210.93359","24883.05859","25127.6875","24466.44531"
"528","1417514400000","25291.87891","24916.55469","25183.89062","24538.45117"
"529","1417518000000","24996.46289","24811.95898","25195.39453","24567.39062"
"530","1417521600000","25393.86133","25069.98242","25322.35352","24649.70117"
"531","1417525200000","25503.51953","25130.46289","25369.17773","24722.78906"
"532","1417528800000","25540.43945","25207.29297","25446.36328","24782.39648"
"533","1417532400000","25492.06641","25172.73633","25436.31641","24756.64258"
"534","1417536000000","25568.51758","25203.09375","25423.67578","24786.7793"
"535","1417539600000","25109.81641","24982.19141","25399.14844","24709.89844"
"536","1417543200000","25359.14648","25032.99219","25283.94727","24620.44727"
"537","1417546800000","25262.24414","24929.79297","25179.27539","24510.83984"
"538","1417550400000","25299.67969","24983.0918","25229.39844","24557.65625"
"539","1417554000000","25336.24609","25019.58984","25265.70312","24596.35742"
"540","1417557600000","25357.76367","25040.76367","25273.43555","24616.26367"
"541","1417561200000","25287.71875","24987.36523","25235.86914","24565.40234"
"542","1417564800000","25327.1875","24972.14453","25254.29492","24561.33594"
"543","1417568400000","25460.82031","25155.76758","25407.73438","24735.75586"
"544","1417572000000","25393.35156","25079.95312","25331.98633","24657.45312"
"545","1417575600000","25393.96875","25055","25279.47852","24637.66406"
"546","1417579200000","25403.44141","25057.41016","25286.80469","24634.24023"
"547","1417582800000","25479.52539","25134.73047","25420.71875","25060.24023"
"548","1417586400000","25505.31836","25207.71289","25471.4668","24784.05469"
"549","1417590000000","25477.64062","25154.91016","25466.12891","25083.59375"
"550","1417593600000","25662.00195","25296.13477","25598.22656","24885.69141"
"551","1417597200000","25717.27734","25334.24219","25660.21875","25006.77734"
"552","1417600800000","25144.50195","24961.24805","25481.02148","24563.25977"
"553","1417604400000","25715.39453","25325.6582","25597.46094","24922.05469"
"554","1417608000000","25834.15625","25479.625","25741.88086","25058.37305"
"555","1417611600000","25857.69336","25538.40039","25851.66992","25106.90234"
"556","1417615200000","26096.37109","25724.79297","25976.05078","25293.89062"
"557","1417618800000","26099.89453","25769.53711","26007.55273","25329.30078"
"558","1417622400000","25811.66602","25544.33594","25862.48633","25125.70312"
"559","1417626000000","25866.09766","25494.47266","25760.25195","25066.50781"
"560","1417629600000","25514.43359","25343.13672","25828.33594","24949.53125"
"561","1417633200000","25626.77539","25323.75586","25637.81641","24900.17383"
"562","1417636800000","25819.94922","25473.04297","25733.83203","25438.59961"
"563","1417640400000","25833.24805","25482.38281","25727.34961","25048.01367"
"564","1417644000000","25912.75977","25557.75586","25782.36719","25124.75195"
"565","1417647600000","25940.46094","25568.61914","25866.59961","25144.05859"
"566","1417651200000","26360.3418","25897.52734","26249.89453","25497.58398"
"567","1417654800000","26553.62695","26442.16602","26650.42773","26035.9082"
"568","1417658400000","26955.85156","26553.9668","26827.68164","26101.36914"
"569","1417662000000","27042.61719","26690.91016","26951.66211","26230.47656"
"570","1417665600000","27048.99414","26630.67773","26880.14648","26195.41211"
"571","1417669200000","27058.9668","26658.55469","26942.58203","26208.4375"
"572","1417672800000","27056.57812","26702.50195","27005.78516","26266.39648"
"573","1417676400000","27121.02734","26697.79102","26973.23047","26247.80859"
"574","1417680000000","27264.71484","26861.60156","27107.66602","26417.90039"
"575","1417683600000","27214.45703","26825.49609","27133.72461","26368.61133"
"576","1417687200000","27307.84766","26967.51172","27272.64258","26496.02344"
"577","1417690800000","27320.66406","26966.66211","27260.79297","26497.90039"
"578","1417694400000","27240.65039","26891.33984","27199.94531","26448.63672"
"579","1417698000000","27207.06641","26825.30664","27084.92383","26361.04883"
"580","1417701600000","27233.23242","26839.74219","27134.65625","26379.98828"
"581","1417705200000","27398.12305","27006.20117","27250.22461","26540.30469"
"582","1417708800000","27258.52734","26904.14062","27174.89453","26440.15625"
"583","1417712400000","27232.73633","26843.04883","27085.06641","26382.56445"
"584","1417716000000","27218.9668","26828.82617","27114.70312","26365.81055"
"585","1417892400000","27062.43359","26748.13867","27067.75","26299.30469"
"586","1417896000000","27003.80859","26636.15039","26936.46484","26184.49219"
"587","1417899600000","27118.81445","26742.81641","27009.28906","26278.7832"
"588","1417903200000","27238.62695","26880.00586","27149.8457","26413.16602"
"589","1417906800000","27128.32422","26728.87305","26970.76953","26270.21875"
"590","1417910400000","27097.20703","26750.04297","27031.0293","26285.26367"
"591","1417914000000","27172.55664","26771.46875","27008.75781","26314.99219"
"592","1417917600000","27046.91992","26713.83203","27039.76562","26250.00391"
"593","1417921200000","27110.46484","26775.41797","27088.48047","26308.57617"
"594","1417924800000","27147.27148","26765.54102","27039.58398","26336.88477"
"595","1417928400000","26555.41992","26523.24805","26832.03711","26116.19141"
"596","1417932000000","26570.52734","26305.69336","26676.08398","25888.92773"
"597","1417935600000","26105.0918","25896.73633","26422.74805","25469.75977"
"598","1417939200000","26563.07812","26257.16211","26583.53711","26285.95312"
"599","1417942800000","26787.41211","26417.32422","26671.93359","25965.70312"
"600","1417946400000","26673.72852","26355.4082","26643.57617","25905.45312"
"601","1417950000000","26636.05859","26285.44922","26540.46484","25834.87891"
"602","1417953600000","26649.93359","26270.13672","26534.45898","25820.97656"
"603","1417957200000","26775.07227","26399.61719","26673.04102","25945.1543"
"604","1417960800000","26965.34961","26556.97852","26792.13477","26106.97656"
"605","1417964400000","27011.06641","26613.48828","26910.90039","26162.15039"
"606","1417968000000","26842.12109","26793.24219","27005.80859","26337.39062"
"607","1417971600000","27191.58984","26801.82617","27052.35938","26337.76172"
"608","1417975200000","27205.19141","26835.86133","27105.01562","26365.23047"
"609","1417978800000","27237.94922","26881.56836","27144.6875","26407.47656"
"610","1417982400000","27311.82031","26908.35547","27193.56055","26444.5293"
"611","1417986000000","27512.77539","27100.70508","27354.90039","26637.4707"
"612","1417989600000","27607.09766","27175.83594","27459.875","26715.06641"
"613","1417993200000","27695.62109","27321.84961","27600.52344","26848.12695"
"614","1417996800000","27661.62695","27288.75781","27558.9043","26809.19727"
"615","1418000400000","27648.19531","27258.18945","27509.07227","26789.65234"
"616","1418004000000","27460.11133","27123.81641","27448.01367","26659.07227"
"617","1418007600000","27213.98047","26920.08984","27306.03711","26480.81055"
"618","1418011200000","27319.53711","26896.56641","27157.70703","26449.97852"
"619","1418014800000","27409.7793","26982.59766","27244.5918","26530.63086"
"620","1418018400000","27402.00195","27038.23438","27367.64648","26570.64453"
"621","1418022000000","27530.45898","27161.41992","27441.01953","26693.99609"
"622","1418025600000","27590.79297","27225.37109","27541.32031","26750.50977"
"623","1418029200000","27619.61133","27269.95117","27569.28906","26799.16406"
"624","1418032800000","27619.63281","27211.42578","27474.16797","26740.02734"
"625","1418036400000","27564.74023","27222.32227","27522.77539","26750.23047"
"626","1418040000000","27575.71094","27187.77539","27448.33984","26709.5293"
"627","1418043600000","27209.15234","27204.10156","27414.81445","26717.25"
"628","1418047200000","27455.62109","27100.07031","27400.88086","26624.74609"
"629","1418050800000","27573.71484","27178.12891","27435.68945","26705.33789"
"630","1418054400000","27639.47656","27237.20508","27489.61914","26758.12891"
"631","1418058000000","27582.1582","27210.19922","27513.79883","26755.86719"
"632","1418061600000","27210.91797","27186.99219","27375.875","26700.81055"
"633","1418065200000","27695.54492","27284.33203","27557.20898","26808.08594"
"634","1418068800000","27710.88867","27341.44922","27628.04492","26876.07617"
"635","1418072400000","27720.57617","27310.0332","27550.80078","26833.66992"
"636","1418076000000","27359.98828","27341.05273","27502.38086","26837.25586"
"637","1418079600000","27502.67383","27148.29492","27435.90625","26671.92969"
"638","1418083200000","27437.25","27091.71289","27407.19922","26623.0918"
"639","1418086800000","26735.80078","26838.66406","27321.0332","26437.02734"
"640","1418090400000","27022.64258","26660.67969","26984.375","26231.73242"
"641","1418094000000","26790.02148","26482.39844","26835.43945","26065.6875"
"642","1418097600000","26513.33594","26222.14844","26663.16602","25789.47266"
"643","1418101200000","26716.88672","26447.83398","26785.92969","26508.59961"
"644","1418104800000","26331.51172","26128.05859","26587.02148","25710.30273"
"645","1418108400000","26053.6543","25814.68555","26246.41211","25416.6582"
"646","1418112000000","26308.14844","25855.43555","26194.98633","25456.61328"
"647","1418115600000","26599.31836","26258.9668","26594.49219","25812.87695"
"648","1418119200000","26898.36523","26496.81055","26756.23438","26044.6582"
"649","1418122800000","27001.2207","26626.60742","26862.50586","26168.20117"
"650","1418126400000","27021.21875","26591.39648","26875.9082","26158.96484"
"651","1418130000000","27089.36133","26726.10742","26981.05078","26269.68945"
"652","1418133600000","25987.94727","25932.9082","26603.2793","25591.36328"
"653","1418137200000","25437.24219","25281.22461","25840.24414","24913.71094"
"654","1418140800000","25394.69922","25156.87109","25538.83594","24770.08789"
"655","1418144400000","25443.13086","25075.97656","25329.75","24685.37695"
"656","1418148000000","25793.16406","25483.73633","25767.25195","25061.19141"
"657","1418151600000","25438.60938","25199.61328","25543.8125","24821.0957"
"658","1418155200000","24967.25781","24739.43164","25275.38672","24367.32031"
"659","1418158800000","25461.5293","25146.04297","25401.61719","24744.25195"
"660","1418162400000","25290.83008","24983.87695","25326.80469","24577.86914"
"661","1418166000000","25516.77539","25198.30664","25504.63281","25135.43945"
"662","1418169600000","25565.63867","25230.88672","25571.16602","24824.34961"
"663","1418173200000","25380.71289","25274.51562","25684.36914","24983.39453"
"664","1418176800000","25755.83594","25478.01367","25799.68359","25456.08203"
"665","1418180400000","25581.25781","25282.00586","25584.2207","24870.5293"
"666","1418184000000","25590.02344","25270.60742","25584.49414","25210.55273"
"667","1418187600000","25946.17578","25480.57422","25824.13867","25096.86328"
"668","1418191200000","26074.1875","25829.26758","26240.93555","25443.2207"
"669","1418194800000","25614.70117","25403.48242","25797.44531","25006.64844"
"670","1418198400000","25758.23438","25396.19336","25613.73828","24967.53906"
"671","1418202000000","25836.7793","25441.44922","25647.2832","25029.07422"
"672","1418205600000","25791.56445","25436.31836","25683.10352","25010.57031"
"673","1418209200000","25503.55273","25258.27148","25581.29297","24861.38672"
"674","1418212800000","25305.06836","24996.87891","25319.39453","24588.99414"
"675","1418216400000","25620.07422","25262.02734","25487.77539","24837.35938"
"676","1418220000000","25630.35742","25287.49414","25578.5625","24870.70117"
"677","1418223600000","25861.31836","25545.29492","25794.04297","25109.44336"
"678","1418227200000","25760.25781","25452.31836","25706.49023","25020.92383"
"679","1418230800000","25489.36914","25247.33594","25610.9043","24825.52539"
"680","1418234400000","25597.99219","25278.95703","25538.61328","24859.5"
"681","1418238000000","25606.64453","25267.9043","25523.66211","24840.91797"
"682","1418241600000","25718.88281","25366.18359","25606.07617","24941.2832"
"683","1418245200000","25494.29492","25267.60742","25639.1875","24873.24805"
"684","1418248800000","25269.08594","25000.65234","25321.73242","24606.07422"
"685","1418252400000","25234.35742","24918.9668","25232.86914","24507.68945"
"686","1418256000000","25396.04883","25060.03516","25322.21484","24669.43555"
"687","1418259600000","25219.91211","24933.20703","25264.99414","24522.30664"
"688","1418263200000","25336.57812","25038.58008","25291.99219","24623.52539"
"689","1418266800000","25315.26367","24963.41797","25181.43555","24556.43555"
"690","1418270400000","25332.41016","24983.41211","25221.69336","24562.93945"
"691","1418274000000","25453.33984","25149.66211","25425.33398","24722.47656"
"692","1418277600000","25555.20117","25213.08203","25441.29688","24794.1543"
